{"cameraMode":{"drawMode":0,"name":"Shaded","section":"Shading Mode"},"sceneLighting":false,"audioPlay":false,"sceneViewState":{"m_AlwaysRefresh":false,"showFog":true,"showSkybox":false,"showFlares":true,"showImageEffects":true,"showParticleSystems":true,"showVisualEffectGraphs":true,"m_FxEnabled":true},"in2DMode":false,"pivot":{"x":0.05715079605579376,"y":-1.5087425708770753e-7,"z":0.47963613271713259},"rotation":{"x":-0.1468888223171234,"y":-0.8078492879867554,"z":0.22645720839500428,"w":-0.5239741206169128},"size":1.103682041168213,"orthographic":true}