{"cameraMode":{"drawMode":0,"name":"Shaded","section":"Shading Mode"},"sceneLighting":true,"audioPlay":false,"sceneViewState":{"m_AlwaysRefresh":false,"showFog":true,"showSkybox":true,"showFlares":true,"showImageEffects":true,"showParticleSystems":true,"showVisualEffectGraphs":true,"m_FxEnabled":true},"in2DMode":false,"pivot":{"x":0.5233911275863648,"y":0.7547069787979126,"z":1.7101552486419678},"rotation":{"x":0.18849627673625947,"y":0.7767919301986694,"z":-0.2739945352077484,"w":0.5349196195602417},"size":1.1099975109100342,"orthographic":true}