{"cameraMode":{"drawMode":0,"name":"Shaded","section":"Shading Mode"},"sceneLighting":true,"audioPlay":false,"sceneViewState":{"m_AlwaysRefresh":false,"showFog":true,"showSkybox":true,"showFlares":true,"showImageEffects":true,"showParticleSystems":true,"showVisualEffectGraphs":true,"m_FxEnabled":true},"in2DMode":false,"pivot":{"x":1.2684710025787354,"y":0.0348130464553833,"z":-0.2542724609375},"rotation":{"x":0.051396556198596957,"y":0.9472334384918213,"z":-0.24843785166740418,"w":0.19596105813980103},"size":1.5108001232147217,"orthographic":false}