{"cameraMode":{"drawMode":0,"name":"Shaded","section":"Shading Mode"},"sceneLighting":true,"audioPlay":false,"sceneViewState":{"m_AlwaysRefresh":false,"showFog":true,"showSkybox":true,"showFlares":true,"showImageEffects":true,"showParticleSystems":true,"showVisualEffectGraphs":true,"m_FxEnabled":true},"in2DMode":false,"pivot":{"x":1.3035929203033448,"y":0.44163453578948977,"z":0.6732954978942871},"rotation":{"x":0.02587887831032276,"y":0.9402733445167542,"z":-0.33155661821365359,"w":0.07350558787584305},"size":1.4200173616409302,"orthographic":true}