{"cameraMode":{"drawMode":0,"name":"Shaded","section":"Shading Mode"},"sceneLighting":true,"audioPlay":false,"sceneViewState":{"m_AlwaysRefresh":false,"showFog":true,"showSkybox":true,"showFlares":true,"showImageEffects":true,"showParticleSystems":true,"showVisualEffectGraphs":true,"m_FxEnabled":true},"in2DMode":false,"pivot":{"x":0.8145884871482849,"y":1.069469690322876,"z":1.5986151695251465},"rotation":{"x":-0.14688585698604585,"y":-0.6211207509040833,"z":0.1199735775589943,"w":-0.7604296803474426},"size":1.0389012098312379,"orthographic":true}